{
    "precio": [ 1.2637727 ,  0.20061472, -0.91798155,  1.03493779], 
    "habitaciones": [0.81468383, 0.0646433 , 0.20293863, 0.64701166], 
    "precio-habitaciones": [0.70289603, 0.04705548, 0.40668137, 0.53134503], 
    "antiguedad": [ 1.83227106,  0.58420175, -3.03162158,  1.52354901], 
    "precio-antiguedad": [ 1.19153884,  0.16355818, -0.70502669,  0.95172085], 
    "habitaciones-antiguedad": [0.80908992, 0.06384761, 0.21386988, 0.64132006], 
    "precio-habitaciones-antiguedad": [0.69404756, 0.04611636, 0.42153869, 0.52215617], 
    "metroscubiertos": [0.84282771, 0.07442124, 0.14691007, 0.65500077], 
    "precio-metroscubiertos": [0.82467593, 0.07102174, 0.18328926, 0.64338311], 
    "habitaciones-metroscubiertos": [0.67642008, 0.04469461, 0.45054496, 0.51881386], 
    "precio-habitaciones-metroscubiertos": [0.65172463, 0.04095868, 0.48992035, 0.49513292], 
    "antiguedad-metroscubiertos": [0.83769057, 0.0721561 , 0.15729186, 0.64641567], 
    "precio-antiguedad-metroscubiertos": [0.82003375, 0.0688863 , 0.19241858, 0.63518779], 
    "habitaciones-antiguedad-metroscubiertos": [0.66931391, 0.04408639, 0.46201748, 0.51099278], 
    "precio-habitaciones-antiguedad-metroscubiertos": [0.64310696, 0.0402462 , 0.50331555, 0.48657531], 
    "metrostotales": [ 0.95311099,  0.09182534, -0.09100106,  0.73490505], 
    "precio-metrostotales": [0.87724432, 0.07800356, 0.0758482 , 0.67949127], 
    "habitaciones-metrostotales": [0.73744978, 0.05426923, 0.34691253, 0.5776528 ], 
    "precio-habitaciones-metrostotales": [0.67769472, 0.04466133, 0.44846079, 0.52048079], 
    "antiguedad-metrostotales": [ 0.94770228,  0.09030906, -0.07856906,  0.73041803], 
    "precio-antiguedad-metrostotales": [0.87396322, 0.07690547, 0.08273462, 0.67603796], 
    "habitaciones-antiguedad-metrostotales": [0.72919667, 0.0529789 , 0.36142763, 0.56816076], 
    "precio-habitaciones-antiguedad-metrostotales": [0.66758183, 0.04339483, 0.46478328, 0.50971924], 
    "metroscubiertos-metrostotales": [0.76767441, 0.05920586, 0.29225792, 0.59168713], 
    "precio-metroscubiertos-metrostotales": [0.75851219, 0.05783644, 0.30902999, 0.58345919], 
    "habitaciones-metroscubiertos-metrostotales": [0.66315446, 0.04338023, 0.47187305, 0.51206232], 
    "precio-habitaciones-metroscubiertos-metrostotales": [0.64397359, 0.04039865, 0.50197802, 0.49291691], 
    "antiguedad-metroscubiertos-metrostotales": [0.76740826, 0.0590427 , 0.29277434, 0.59148208], 
    "precio-antiguedad-metroscubiertos-metrostotales": [0.75823164, 0.05764438, 0.30957052, 0.58325132], 
    "habitaciones-antiguedad-metroscubiertos-metrostotales": [0.65497481, 0.04248226, 0.48482946, 0.50357224], 
    "precio-habitaciones-antiguedad-metroscubiertos-metrostotales": [0.634607  , 0.0394564 , 0.5163701 , 0.48355588], 
    "garages": [ 0.96965711,  0.13601277, -0.12912755,  0.7438907 ], 
    "precio-garages": [0.86461889, 0.08949751, 0.10224722, 0.63657049], 
    "habitaciones-garages": [0.74996113, 0.05672999, 0.32456129, 0.60046677], 
    "precio-habitaciones-garages": [0.67785091, 0.0448078 , 0.44818082, 0.5222695 ], 
    "antiguedad-garages": [ 0.95021233,  0.1171485 , -0.08437314,  0.72755012], 
    "precio-antiguedad-garages": [0.85476564, 0.08274011, 0.12260538, 0.63458289], 
    "habitaciones-antiguedad-garages": [0.74655148, 0.05635191, 0.33069908, 0.59732581], 
    "precio-habitaciones-antiguedad-garages": [0.67131353, 0.04415178, 0.45877381, 0.51742128], 
    "metroscubiertos-garages": [0.7300328 , 0.05526631, 0.35998654, 0.55232916], 
    "precio-metroscubiertos-garages": [0.72193095, 0.05372734, 0.37411622, 0.54674033], 
    "habitaciones-metroscubiertos-garages": [0.65338889, 0.0422488 , 0.48732845, 0.50524384], 
    "precio-habitaciones-metroscubiertos-garages": [0.63612038, 0.03953563, 0.51404919, 0.48794535], 
    "antiguedad-metroscubiertos-garages": [0.72915692, 0.05456749, 0.36151275, 0.55113202], 
    "precio-antiguedad-metroscubiertos-garages": [0.72113963, 0.05306828, 0.37548081, 0.54538228], 
    "habitaciones-antiguedad-metroscubiertos-garages": [0.64800539, 0.04189367, 0.49573001, 0.50020791], 
    "precio-habitaciones-antiguedad-metroscubiertos-garages": [0.6292971 , 0.03903526, 0.52442499, 0.48176742], 
    "metrostotales-garages": [0.8109411 , 0.06859324, 0.21025248, 0.61633246], 
    "precio-metrostotales-garages": [0.77226935, 0.06125705, 0.28378067, 0.58720331], 
    "habitaciones-metrostotales-garages": [0.70753289, 0.0506248 , 0.39882562, 0.55686791], 
    "precio-habitaciones-metrostotales-garages": [0.66206156, 0.04317385, 0.47362306, 0.51218504], 
    "antiguedad-metrostotales-garages": [0.80948787, 0.06789822, 0.2130723 , 0.61623167], 
    "precio-antiguedad-metrostotales-garages": [0.7713413 , 0.06074987, 0.28549138, 0.58638763], 
    "habitaciones-antiguedad-metrostotales-garages": [0.70169185, 0.04980962, 0.40871079, 0.55197219], 
    "precio-habitaciones-antiguedad-metrostotales-garages": [0.65417249, 0.0422274 , 0.48606818, 0.50471554], 
    "metroscubiertos-metrostotales-garages": [0.70536626, 0.05008676, 0.40250421, 0.53742844], 
    "precio-metroscubiertos-metrostotales-garages": [0.69980217, 0.04917836, 0.41189656, 0.53274369], 
    "habitaciones-metroscubiertos-metrostotales-garages": [0.64632998, 0.04152272, 0.49834426, 0.50084614], 
    "precio-habitaciones-metroscubiertos-metrostotales-garages": [0.63188263, 0.03922295, 0.52048271, 0.48614457], 
    "antiguedad-metroscubiertos-metrostotales-garages": [0.70535116, 0.05004659, 0.40250566, 0.53739938], 
    "precio-antiguedad-metroscubiertos-metrostotales-garages": [0.69980948, 0.04913226, 0.41188342, 0.53269576], 
    "habitaciones-antiguedad-metroscubiertos-metrostotales-garages": [0.64000065, 0.0409399 , 0.50810508, 0.49484109], 
    "precio-habitaciones-antiguedad-metroscubiertos-metrostotales-garages": [0.62433641, 0.03854187, 0.53188249, 0.47913502]
}