{
    "tipodepropiedad-provincia": [
        1.46095409e+06,
        4.09831180e+00,
        5.32363909e-01,
        8.44372480e+05
    ],
    "tipodepropiedad": [
        1.49853501e+06,
        4.69802248e-01,
        5.15339042e-01,
        9.84522188e+05
    ],
    "tipodepropiedad-ciudad": [
        1.91471881e+06,
        1.01291732e+01,
        5.60628138e-02,
        8.08087228e+05
    ]
}